time,lat,lon,altitude_m,speed_kmh,lean_angle_deg,turn_radius_m_raw,dt_s,distance_m
2025-09-16T15:39:49.738071,50.047436,14.458279,,,,,,
2025-09-16T15:39:50.238071,50.047351,14.458295,,,,,0.5,9.520366841755486
2025-09-16T15:39:50.438071,50.047268,14.458161,,,,,0.2,13.293904631307038
2025-09-16T15:39:50.638071,50.047221,14.458059,,108.97409702176698,32.0,,0.2,8.964293956719896
2025-09-16T15:39:50.838071,50.047109,14.456805,,108.97409702176698,32.0,,0.2,90.40326101328226
2025-09-16T15:39:52.638071,50.047581,14.4566,,131.36629703621,32.0,80.5333961269176,1.8,54.48704851088349
2025-09-16T15:39:52.638071,50.048231,14.457453,,131.36629703621,32.0,,0.0,94.5177464337038
2025-09-16T15:39:55.338071,50.04842,14.459041,,115.48453358685286,17.361256504378314,253.01595093954606,2.7,115.31887278798976
2025-09-16T15:39:55.538071,50.048372,14.459618,,118.73975186939577,2.722513008756628,,0.2,41.5436718887561
2025-09-16T15:40:01.238071,50.047258,14.460279,,118.73975186939577,2.722513008756628,1159.3658780090548,5.7,132.55826058955273
2025-09-16T15:40:01.238071,50.046323,14.460667,,82.11575193065437,5.616910898311376,,0.0,107.59539065460142
2025-09-16T15:40:01.938071,50.046121,14.460751,,82.11575193065437,5.616910898311376,,0.7,23.248453867509575
2025-09-16T15:40:03.138071,50.045888,14.460849,,80.5104971731702,8.511308787866124,340.67964517453936,1.2,26.83683239105673
2025-09-16T15:40:03.138071,50.045363,14.461191,,80.5104971731702,8.511308787866124,,0.0,63.279585403663916
2025-09-16T15:40:03.638071,50.044317,14.46192,,80.5104971731702,8.511308787866124,,0.5,127.42788614928791
2025-09-16T15:40:04.538071,50.043863,14.462178,,43.54598817583113,4.731507834085427,,0.9,53.73927878600661
2025-09-16T15:40:04.538071,50.043503,14.462264,,46.064641357439726,3.332905166930346,,0.0,40.49851375649527
2025-09-16T15:40:08.238071,50.043102,14.46221,,88.39637624688032,3.332905166930346,180.20073578906252,3.7,44.7555989584931
2025-09-16T15:40:13.938071,50.042472,14.461765,,88.39637624688032,3.332905166930346,549.7093411848502,5.7,76.92354968682653
2025-09-16T15:40:17.438071,50.041267,14.46034,,88.39637624688032,3.332905166930346,491.7823651869594,3.5,168.25262808060145
2025-09-16T15:40:17.938071,50.040717,14.459968,,110.8215702824049,1.9343024997752658,,0.5,66.67797499848083
2025-09-16T15:40:18.238071,50.039643,14.459568,,173.0598460257615,,,0.3,122.79231433983682
2025-09-16T15:40:18.238071,50.039203,14.459238,,,,,0.0,54.306066982143385
2025-09-16T15:40:18.938071,50.038636,14.458511,,,,,0.7,81.67423912672521
2025-09-16T15:40:19.638071,50.038306,14.458028,,,,,0.7,50.36223750001739
2025-09-16T15:40:20.438071,50.038166,14.457833,,,,,0.8,20.887494667797945
2025-09-16T15:40:21.238071,50.037672,14.457229,,190.68086536972777,,,0.8,69.84346569007285
2025-09-16T15:40:21.738071,50.036824,14.456497,,162.4970067269566,4.857440413413783,,0.5,107.8161147462094
2025-09-16T15:40:23.238071,50.036152,14.456119,,167.58708116726567,4.857440413413783,672.6459140476633,1.5,79.4503605707199
2025-09-16T15:40:25.138071,50.035532,14.455888,,167.58708116726567,4.857440413413783,1669.6904853531353,1.9,70.887494822209
2025-09-16T15:40:27.338071,50.034571,14.455614,,171.939330533376,4.857440413413783,15654.665836791793,2.2,108.63552947370677
2025-09-16T15:40:27.338071,50.033339,14.455247,,165.69215225459206,4.857440413413783,,0.0,139.4774328452478
2025-09-16T15:40:30.238071,50.032011,14.454966,,181.38165433979535,,1180.6054587799856,2.9,149.02461889776387
2025-09-16T15:40:30.238071,50.031349,14.454924,,184.9960786317069,,,0.0,73.67214656799047
2025-09-16T15:40:30.238071,50.030029,14.454962,,159.91712749002141,28.661352472653963,,0.0,146.80239841140659
2025-09-16T15:40:31.538071,50.029313,14.455215,,83.37076699078068,14.81513301765205,222.10225288660192,1.3,81.6408823347071
2025-09-16T15:40:32.638071,50.028988,14.455492,,83.37076699078068,14.81513301765205,261.6230757456399,1.1,41.20055388421376
2025-09-16T15:40:36.238071,50.028758,14.455759,,83.37076699078068,14.81513301765205,473.36372235269914,3.6,31.90335763322543
2025-09-16T15:40:38.138071,50.027951,14.457086,,83.37076699078068,14.81513301765205,1130.3071224059609,1.9,130.52808228967342
2025-09-16T15:40:39.038071,50.027575,14.45761,,31.90335763322543,0.9689135626501365,,0.9,56.11689402836003
2025-09-16T15:40:40.538071,50.026804,14.458301,,,,2453.552829583248,1.5,98.92609125686518
2025-09-16T15:40:40.538071,50.024734,14.459858,,,,,0.0,255.63874751786165
2025-09-16T15:40:40.838071,50.024315,14.460159,,,,,0.3,51.31341214425854
2025-09-16T15:40:42.938071,50.022049,14.461713,,,,772.8501635268702,2.1,275.34115824897464
2025-09-16T15:40:42.938071,50.021444,14.462427,,84.57794816612997,0.17106950326923062,,0.0,84.42543086165897
2025-09-16T15:40:42.938071,50.020558,14.463726,,84.57794816612997,0.17106950326923062,,0.0,135.34667240744005
2025-09-16T15:40:47.538071,50.019864,14.464785,,84.57794816612997,0.17106950326923062,18844.69135578211,4.6,108.07182265672162
2025-09-16T15:40:50.038071,50.01814,14.467364,,82.87200908866868,0.5666114237015067,1290.7939794454712,2.5,265.8962579812323
2025-09-16T15:40:50.038071,50.017803,14.467758,,67.67918456425305,1.176882543272254,,0.0,46.868473818709624
2025-09-16T15:40:51.738071,50.017485,14.467965,,96.36977611079938,1.679789063273766,3085.4075695254223,1.7,38.32842194973681
2025-09-16T15:41:00.638071,50.016727,14.468488,,96.36977611079938,1.679789063273766,261.2866287445471,8.9,92.19790724645948
2025-09-16T15:41:01.638071,50.016397,14.468908,,96.36977611079938,1.679789063273766,862.2140667984503,1.0,47.40270077938027
2025-09-16T15:41:01.938071,50.01545,14.470428,,103.97162916059538,2.397424782413749,,0.3,151.27326246970222
2025-09-16T15:41:09.838071,50.011935,14.47617,,170.64972280576896,,295.1132285244225,7.9,566.6590837827858
2025-09-16T15:41:09.938071,50.011805,14.476058,,3.4195263460364207,,,0.1,16.522952291951082
2025-09-16T15:41:10.438071,50.011677,14.476202,,3.4195263460364207,,,0.5,17.562967167876224
2025-09-16T15:41:28.338071,50.011708,14.476435,,3.4195263460364207,,93.38562018277749,17.9,17.002644887236645
2025-09-16T15:41:28.638071,50.010349,14.477603,,3.4195263460364207,,,0.3,172.63122128735947
2025-09-16T15:41:28.638071,50.00869,14.478781,,3.4195263460364207,,,0.0,202.77185452728386
2025-09-16T15:41:30.138071,50.007656,14.479491,,,,1559.4439788470395,1.5,125.67325004534199
2025-09-16T15:41:32.538071,50.006041,14.480309,,,,2108.0058365781765,2.4,188.8550869199808
2025-09-16T15:41:32.638071,50.004749,14.48079,,179.07989178211673,,,0.1,147.71924126980446
2025-09-16T15:41:33.638071,50.004158,14.481048,,179.07989178211673,,411.24473934835186,1.0,68.25399175478118
2025-09-16T15:41:34.638071,50.003749,14.48133,,179.07989178211673,,14730.396922003294,1.0,49.74441438392131
2025-09-16T15:41:35.238071,50.001345,14.48304,,136.53641891105698,32.0,,0.6,293.9261933082376
2025-09-16T15:41:35.238071,49.99927,14.484499,,92.59029448329136,32.0,,0.0,253.20072347851536
2025-09-16T15:41:37.438071,49.998783,14.484767,,41.61059332320096,26.528856206612275,50.21540756545622,2.2,57.440133691109416
2025-09-16T15:41:43.138071,49.99872,14.484732,,33.496856270118315,26.528856206612275,12.88692941384191,5.7,7.438572243953545
2025-09-16T15:41:44.838071,49.99862,14.484807,,33.496856270118315,26.528856206612275,13.959821387424034,1.7,12.344261142538162
2025-09-16T15:41:49.638071,49.998597,14.484974,,13.331493013492015,21.05771241322455,13.617609493296154,4.8,12.207526814493848
2025-09-16T15:41:49.838071,49.998664,14.485099,,17.648216706357953,21.05771241322455,,0.2,11.633158495549045
2025-09-16T15:41:50.038071,49.998793,14.485709,,9.155645110870386,,,0.2,45.899656046611284
2025-09-16T15:41:50.438071,49.99889,14.486116,,,,,0.4,31.026069635559878
2025-09-16T15:41:50.638071,49.998992,14.486746,,,,,0.2,46.436463657239884
2025-09-16T15:41:50.838071,49.999128,14.487493,,,,,0.2,55.49294110553344
2025-09-16T15:41:50.938071,49.999267,14.48824,,92.72291616546116,1.7137833726494642,,0.1,55.58462704561795
2025-09-16T15:41:53.138071,49.999635,14.489945,,75.17001359973415,1.0570315398858658,2955.104863477446,2.2,128.5523067987654
2025-09-16T15:41:59.438071,50.000167,14.492059,,75.17001359973415,1.0570315398858658,2260.1502828917914,6.3,162.265103289557
2025-09-16T15:42:09.138071,50.000766,14.494021,,75.17001359973415,1.0570315398858658,3737.4977664858147,9.7,155.24610473051922
2025-09-16T15:42:11.238071,50.001997,14.497508,,75.17001359973415,1.0570315398858658,2105.085242760863,2.1,284.3406256662658
2025-09-16T15:42:12.138071,50.002731,14.499163,,51.034128452362864,0.23736004046348078,,0.9,143.71030620173917
2025-09-16T15:42:12.138071,50.003182,14.499522,,44.451145870718584,0.07444037380469404,,0.0,56.33150516865791
2025-09-16T15:42:19.838071,50.003995,14.499934,,44.451145870718584,0.07444037380469404,11962.053911964822,7.7,95.07606200125919
2025-09-16T15:42:21.538071,50.004802,14.500354,,44.451145870718584,0.07444037380469404,4991.186197074638,1.7,94.6215836614331
2025-09-16T15:42:21.538071,50.005641,14.500819,,44.451145870718584,0.07444037380469404,,0.0,99.03470854235334
2025-09-16T15:42:23.938071,50.005428,14.502986,,,,26802.429872373377,2.4,156.66850275209933
2025-09-16T15:42:26.238071,50.004932,14.507735,,,,738.3290911337883,2.3,343.84888936026266
2025-09-16T15:42:26.338071,50.00447,14.509141,,127.720470699994,38.0,,0.1,112.85410177197647
2025-09-16T15:42:26.338071,50.004027,14.510041,,127.720470699994,38.0,,0.0,81.01695774175253
2025-09-16T15:42:28.438071,50.003537,14.510752,,127.720470699994,38.0,147.55553860350525,2.1,74.50360790832983
2025-09-16T15:42:28.738071,50.003332,14.511768,,127.720470699994,38.0,,0.3,76.10700807466249
2025-09-16T15:42:29.038071,50.003202,14.512555,,127.720470699994,38.0,,0.3,58.07458535342934
2025-09-16T15:42:29.038071,50.002942,14.51413,,,,,0.0,116.21883479644382
2025-09-16T15:42:29.238071,50.002872,14.51456,,,,,0.2,31.70264420816434
2025-09-16T15:42:29.638071,50.002723,14.515469,,,,,0.4,67.04608495194249
2025-09-16T15:42:29.938071,50.002701,14.515818,,,,,0.3,25.062942185222525
2025-09-16T15:42:30.438071,50.002646,14.515987,,79.87950084059477,0.7619616616424684,,0.5,13.53859525216999
2025-09-16T15:42:31.238071,50.002619,14.51618,,79.87950084059477,0.7619616616424684,,0.8,14.116809749035651
2025-09-16T15:42:35.338071,50.00239,14.517402,,79.87950084059477,0.7619616616424684,3773.641021773849,4.1,90.97387595734403
2025-09-16T15:42:35.838071,50.001996,14.519823,,79.87950084059477,0.7619616616424684,,0.5,178.49257687899723
2025-09-16T15:42:35.938071,50.001795,14.521025,,79.87950084059477,0.7619616616424684,,0.1,88.76894685617154
2025-09-16T15:42:39.738071,50.000434,14.529236,,27.247636810750432,1.1546607576082069,9645.59649247531,3.8,606.064014329956
2025-09-16T15:42:40.338071,50.000187,14.531002,,34.21012285038605,1.1450932913061407,,0.6,129.1770758080218
2025-09-16T15:42:45.638071,50.000074,14.531535,,34.21012285038605,1.1450932913061407,289.7297571606445,5.3,40.114576415827024
2025-09-16T15:42:54.838071,49.999563,14.532774,,34.21012285038605,1.1450932913061407,672.6846467444341,9.2,105.21888938561092
2025-09-16T15:42:56.538071,49.998993,14.535152,,34.21012285038605,1.1450932913061407,719.3148739368863,1.7,181.4022468425349
2025-09-16T15:42:56.538071,49.998852,14.535548,,41.17260889002167,1.1355258250040743,,0.0,32.35686349795007
2025-09-16T15:42:57.338071,49.997681,14.538008,,,,,0.8,218.79693949625076
2025-09-16T15:42:59.638071,49.99471,14.543207,,27.298207781511437,0.18865988935900943,1698.7302600648054,2.3,497.23641662625784
2025-09-16T15:43:00.538071,49.994221,14.543818,,27.298207781511437,0.18865988935900943,,0.9,69.74357815421845
2025-09-16T15:43:05.138071,49.994427,14.544186,,52.94133110418031,1.8991087068238777,1780.064539410673,4.6,34.88104327637572
2025-09-16T15:43:05.138071,49.996463,14.547178,,38.300134869242434,1.8991087068238777,,0.0,311.4405754811461
2025-09-16T15:43:11.938071,49.997431,14.548608,,38.300134869242434,1.8991087068238777,770.0037869019291,6.8,148.43730280627068
2025-09-16T15:43:34.938071,49.997851,14.54908,,41.60897430613198,5.080443434260118,139.23379606081906,23.0,57.613354218176006
2025-09-16T15:43:35.838071,49.998225,14.549236,,43.907766745013525,6.42749243172059,,0.9,43.05582854912939
2025-09-16T15:43:42.338071,49.998828,14.549301,,29.984965407256844,5.289309988048617,94.90383005395083,6.5,67.21131099976955
2025-09-16T15:43:43.838071,49.998991,14.549454,,75.30337862374472,5.289309988048617,126.44026114578271,1.5,21.168393359024236
2025-09-16T15:43:49.038071,49.999207,14.549772,,65.94364422023406,4.687908419415832,1211.1683140153464,5.2,33.068026442854666
2025-09-16T15:43:50.138071,49.999573,14.550353,,62.766975922805,3.5571108813918584,370.67634595001044,1.1,58.144592997736105
2025-09-16T15:43:54.838071,49.999836,14.550675,,65.7576838880917,1.7022843663086331,126.87154059141895,4.7,37.2144780691944
2025-09-16T15:44:01.538071,50.00017,14.550872,,77.28587724313986,4.80614256209061,101.16134805344606,6.7,39.71868801492577
2025-09-16T15:44:01.638071,50.000384,14.551162,,39.6173712357471,4.80614256209061,,0.1,31.557365789022747
2025-09-16T15:44:05.838071,50.000583,14.552245,,45.17370355052492,5.767361986377176,223.659286415114,4.2,80.50702624535096
2025-09-16T15:44:05.838071,50.000575,14.552962,,69.0060224960151,9.506584780618756,,0.0,51.254477910554606
2025-09-16T15:44:06.138071,50.0005,14.55342,,69.0060224960151,9.506584780618756,,0.3,33.7806625632415
2025-09-16T15:44:06.438071,50.000547,14.554316,,,,,0.3,64.25354443435465
2025-09-16T15:44:06.838071,50.00081,14.554927,,,,,0.4,52.557913349101476
2025-09-16T15:44:07.338071,50.001434,14.555789,,7.424621444193112,,,0.5,92.79078730405462
2025-09-16T15:44:07.838071,50.001546,14.556078,,7.424621444193112,,,0.5,24.119490998871782
2025-09-16T15:44:15.938071,50.001593,14.5563,,7.424621444193112,,91.50093878375516,8.1,16.7053982494345
2025-09-16T15:44:16.038071,50.001468,14.557316,,7.424621444193112,,,0.1,73.93427169857505
2025-09-16T15:44:16.838071,50.00146,14.558248,,7.424621444193112,,,0.8,66.61835099644084
2025-09-16T15:44:17.638071,50.001588,14.558931,,,,,0.8,50.84828594195851
2025-09-16T15:44:17.638071,50.00159,14.560056,,20.261260782776027,8.119611034772289,,0.0,80.40671113966022
2025-09-16T15:44:18.138071,50.001665,14.561227,,18.808385564893072,4.415013272024976,,0.5,84.10853572334553
2025-09-16T15:44:19.538071,50.001625,14.561318,,27.16241891744472,5.105905199992382,22.632125408786706,1.4,7.879379193301788
2025-09-16T15:44:22.938071,50.001617,14.561547,,27.628645333829777,4.3630044115453455,191.06833121541035,3.4,16.391315327731775
2025-09-16T15:44:27.538071,50.001495,14.562308,,27.628645333829777,4.3630044115453455,133.11954442915348,4.6,56.056731628811335
2025-09-16T15:44:33.638071,50.00123,14.562859,,30.084440184181023,3.110802203803031,177.8303238700483,6.1,49.18518887672449
2025-09-16T15:44:35.338071,50.001124,14.564894,,36.448905102766474,4.310995551065715,1143.6170899879892,1.7,145.92429426202753
2025-09-16T15:44:40.538071,50.001472,14.569302,,33.84143323528316,1.1072133884278543,4483.410063722537,5.2,317.4195502317963
2025-09-16T15:44:40.738071,50.001547,14.57001,,38.65554188758137,0.08012473065147098,,0.2,51.28512107617813
2025-09-16T15:44:52.938071,50.00186,14.571777,,38.65554188758137,0.08012473065147098,8404.37242750015,12.2,130.99933639680353
2025-09-16T15:44:52.938071,50.002085,14.572985,,76.24588930407577,18.69724320879963,,0.0,89.88982043554856
2025-09-16T15:44:55.638071,50.002583,14.575973,,76.24588930407577,18.69724320879963,194.88898545984833,2.7,220.61868898316015
2025-09-16T15:44:56.938071,50.002421,14.57649,,146.94937411607134,37.31436168694779,133.7280876346177,1.3,41.107529926872566
2025-09-16T15:44:56.938071,50.000951,14.577135,,146.94937411607134,37.31436168694779,,0.0,169.83289523341335
2025-09-16T15:44:59.238071,49.999959,14.577592,,146.94937411607134,37.31436168694779,3603.679183077084,2.3,115.03993791017132
2025-09-16T15:44:59.938071,49.999566,14.577788,,180.06251151157252,,,0.7,45.890204507298435
2025-09-16T15:45:00.638071,49.999378,14.577959,,132.7228468793178,0.7648646315521999,,0.7,24.215472996675015
2025-09-16T15:45:02.238071,49.997921,14.580351,,116.25171492102291,12.256487881496025,5943.212209972434,1.6,235.54003101688798
2025-09-16T15:45:05.238071,49.997493,14.581091,,116.25171492102291,12.256487881496025,4295.195336270532,3.0,71.1526518725526
2025-09-16T15:45:07.138071,49.997035,14.581911,,99.02917555989693,8.990546571491405,386.9426969461893,1.9,77.64679734179641
2025-09-16T15:45:07.938071,49.996713,14.582782,,99.02917555989693,8.990546571491405,,0.8,71.8199542767652
2025-09-16T15:45:10.038071,49.99663,14.583293,,105.85217221631382,13.103387541461009,764.0713993344508,2.1,37.674056488626206
2025-09-16T15:45:10.338071,49.996512,14.584344,,64.58409683764494,2.458663951482169,,0.3,76.26250589908204
2025-09-16T15:45:11.038071,49.996473,14.584727,,64.58409683764494,2.458663951482169,,0.7,27.71815530775601
2025-09-16T15:45:11.938071,49.996438,14.584916,,,,,0.9,14.059116891841498
2025-09-16T15:45:11.938071,49.99607,14.585824,,33.619812930017495,12.070372275805045,,0.0,76.72657415685029
2025-09-16T15:45:13.038071,49.995652,14.586501,,33.619812930017495,12.070372275805045,136.51632896677722,1.1,67.0982941443063
2025-09-16T15:45:15.138071,49.995496,14.586629,,33.619812930017495,12.070372275805045,41.57443703530492,2.1,19.611557542510205
2025-09-16T15:45:15.438071,49.995376,14.586645,,32.28623734809436,18.53518613790252,,0.3,13.392316742013147
2025-09-16T15:45:16.038071,49.995289,14.586871,,28.09725475883087,13.42065882142498,,0.6,18.82989166384168
2025-09-16T15:45:17.738071,49.995363,14.58704,,25.335975673237556,14.095802094234946,15.50884111770567,1.7,14.616534722914185
2025-09-16T15:45:19.938071,49.995471,14.587054,,25.335975673237556,14.095802094234946,54.84949143065962,2.2,12.050676965741268
2025-09-16T15:45:19.938071,49.995678,14.5872,,25.335975673237556,14.095802094234946,,0.0,25.27279407508493
2025-09-16T15:45:20.238071,49.998011,14.590395,,19.71928958030389,3.1916041884698934,,0.3,345.6204613587396
2025-09-16T15:45:21.138071,49.997818,14.591278,,,,,0.9,66.66371516484386
2025-09-16T15:45:23.338071,49.996517,14.594778,,24.500548423609573,0.8860136024904388,3089.1210712465695,2.2,288.9913639909702
2025-09-16T15:45:24.838071,49.995865,14.596286,,27.993582422107483,1.1297950802615584,1188.6382852949039,1.5,129.90505716020962
2025-09-16T15:45:40.338071,49.995416,14.597586,,35.97779493956903,3.83445760122806,305.298890467307,15.5,105.48847237943009
2025-09-16T15:45:45.238071,49.995157,14.59803,,35.97779493956903,3.83445760122806,325.2104773468216,4.9,42.856783461379564
2025-09-16T15:45:53.338071,49.994282,14.598936,,35.97779493956903,3.83445760122806,130.4114399630304,8.1,116.87899494260729
2025-09-16T15:45:54.838071,49.995294,14.601665,,41.71641819754876,5.308679600596871,264.7975885441365,1.5,225.20512502947713
2025-09-16T15:45:55.238071,49.9953,14.602142,,51.94621997449213,9.243782643161063,,0.4,34.1033035678204
2025-09-16T15:45:55.738071,49.995158,14.602382,,18.2552550328889,2.272186621193052,,0.5,23.31587022248832
2025-09-16T15:45:55.738071,49.994556,14.602635,,18.2552550328889,2.272186621193052,,0.0,69.33934416939626
2025-09-16T15:45:58.738071,49.994437,14.60274,,16.263204675190735,1.3818208751791514,66.06214650094037,3.0,15.212712527407419
2025-09-16T15:45:58.738071,49.994236,14.603143,,33.07237386138151,1.9082415316849275,,0.0,36.46113631948432
2025-09-16T15:46:16.438071,49.993916,14.603989,,33.07237386138151,1.9082415316849275,186.7550287995647,17.7,70.16650872767181
2025-09-16T15:46:21.538071,49.993212,14.604729,,44.89663720011834,1.3209781918899024,676.3038885377176,5.1,94.47850899783097
2025-09-16T15:46:23.138071,49.992026,14.606649,,44.89663720011834,1.3209781918899024,666.7627975069604,1.6,190.34140088043537
2025-09-16T15:46:24.138071,49.991949,14.60682,,60.20937864143123,1.735739723252228,2548.774647381977,1.0,14.92445695808317
2025-09-16T15:46:24.838071,49.991154,14.608723,,53.728045049099414,0.5103966018079771,,0.7,162.23907026269654
2025-09-16T15:46:25.738071,49.990129,14.610974,,53.728045049099414,0.5103966018079771,,0.9,197.1948157070543
2025-09-16T15:46:26.038071,49.988744,14.613883,,,,,0.3,258.7802951033236
2025-09-16T15:46:27.338071,49.988213,14.615528,,,,1273.6748667675392,1.3,131.59398095216716
2025-09-16T15:46:28.838071,49.987765,14.617392,,,,514.1096240658399,1.5,142.26865623943996
2025-09-16T15:46:29.138071,49.987693,14.619878,,,,,0.3,177.9117319072995
2025-09-16T15:46:29.438071,49.986832,14.620864,,,,,0.3,118.89134104753482
2025-09-16T15:46:29.738071,49.986603,14.62099,,,,,0.3,27.01011640424075
2025-09-16T15:46:30.138071,49.986084,14.620865,,,,,0.4,58.39804063995165
2025-09-16T15:46:30.338071,49.985375,14.621034,,,,,0.2,79.7577516221421
2025-09-16T15:46:30.638071,49.984993,14.621038,,,,,0.3,42.47742471769511
2025-09-16T15:46:30.938071,49.984394,14.620891,,10.474906348005858,0.03920009995892724,,0.3,67.42989108966859
2025-09-16T15:46:31.238071,49.98362,14.620644,,10.474906348005858,0.03920009995892724,,0.3,87.85808176168935
2025-09-16T15:46:50.338071,49.983184,14.620264,,69.98571585185293,19.019600049979463,1261.4257113577366,19.1,55.57519756858664
2025-09-16T15:46:52.238071,49.981929,14.618929,,66.93558515575117,13.766195554224753,624.8064749556394,1.9,169.07230886679122
2025-09-16T15:46:55.138071,49.981058,14.618387,,66.93558515575117,13.766195554224753,157.08327626460837,2.9,104.31664542542501
2025-09-16T15:46:57.938071,49.980635,14.618459,,95.16592455962383,20.629693281357667,511.1584772329127,2.8,47.31636292720373
2025-09-16T15:46:58.038071,49.979034,14.619343,,125.15779809271002,20.629693281357667,,0.1,188.91198848088175
2025-09-16T15:46:58.038071,49.978185,14.619686,,136.71327865148177,3.2593865627153344,,0.0,97.53855129882562
2025-09-16T15:46:59.638071,49.977454,14.619865,,174.65225609544882,,165.51687607691795,1.6,82.28513118172552
2025-09-16T15:47:02.938071,49.976591,14.621486,,174.65225609544882,,504.1426607602304,3.3,150.48271977934732
2025-09-16T15:47:03.638071,49.976217,14.621953,,173.117646204654,,,0.7,53.3357426047561
2025-09-16T15:47:03.738071,49.975066,14.622516,,167.10569672753985,,,0.1,134.1684487834993
2025-09-16T15:47:05.238071,49.97472,14.621684,,170.0484264230644,,522.4293758644562,1.5,70.85351100961016
2025-09-16T15:47:05.238071,49.974252,14.61979,,88.92850939449342,,,0.0,145.09795113064385
2025-09-16T15:47:06.338071,49.974055,14.618829,,63.041800172293556,2.686139753900251,64.13529787062882,1.1,72.13079906623655
2025-09-16T15:47:11.038071,49.974088,14.618696,,9.386891382928178,2.686139753900251,102.61970364597111,4.7,10.194551144398742
2025-09-16T15:47:14.238071,49.974112,14.618561,,8.528391128122392,2.686139753900251,21.287505629489278,3.2,10.016339313683408
2025-09-16T15:47:22.338071,49.974029,14.618306,,10.20033973360386,1.6696210634202857,21.07469578866761,8.1,20.43832512367858
2025-09-16T15:47:27.838071,49.973953,14.618259,,10.798276575524216,1.6696210634202857,33.78569703749077,5.5,9.094693611216018
2025-09-16T15:47:33.238071,49.973811,14.617982,,10.641574858067676,0.6531023729403204,196.79401761957175,5.4,25.332201233294604
2025-09-16T15:47:33.238071,49.973521,14.616894,,11.420512259617384,0.6531023729403204,,0.0,84.22458599574182
2025-09-16T15:47:33.238071,49.973335,14.616173,,61.27438944056783,17.627752002976187,,0.0,55.55510656782331
2025-09-16T15:47:34.038071,49.973027,14.614904,,105.66064472560592,34.60240163301206,,0.8,96.9992523605952
2025-09-16T15:47:37.238071,49.972774,14.613651,,58.36878978022772,18.365886216648537,127.27892605793544,3.2,93.92057308942748
2025-09-16T15:47:37.238071,49.972798,14.613397,,53.96135206942537,20.57725747776569,,0.0,18.3598406282841
2025-09-16T15:47:42.538071,49.972881,14.613209,,53.96135206942537,20.57725747776569,25.955925365615737,5.3,16.307709617972908
2025-09-16T15:47:44.038071,49.972866,14.612947,,31.19190149451153,12.572225801596167,25.725380848714813,1.5,18.811031936591938
2025-09-16T15:47:44.138071,49.972723,14.612762,,28.162141245092776,9.596798946018412,,0.1,20.685230581052114
2025-09-16T15:47:46.338071,49.97258,14.612533,,33.85721004850719,12.085941661262874,58.710384677095284,2.2,22.826401278306026
2025-09-16T15:47:54.438071,49.972503,14.611945,,27.743931419693862,3.8283910377069597,244.4836240374628,8.1,42.91393611788216
2025-09-16T15:47:55.038071,49.972537,14.610849,,27.743931419693862,3.8283910377069597,,0.6,78.47218545835639
2025-09-16T15:48:04.438071,49.972691,14.6099,,22.93975062910859,0.4489332543087019,1424.4255263065538,9.4,69.99511754360508
2025-09-16T15:48:06.338071,49.973409,14.606869,,30.97883224746024,0.1250536090591381,6609.376517036137,1.9,230.99688016674182
2025-09-16T15:48:08.538071,49.973816,14.604989,,30.97883224746024,0.1250536090591381,4317.258979248828,2.2,141.85880343034964
2025-09-16T15:48:16.538071,49.974057,14.603963,,35.15102373353981,0.02275908878601928,24466.378289145174,8.0,78.11338607453291
2025-09-16T15:48:17.038071,49.97484,14.600557,,35.15102373353981,0.02275908878601928,,0.5,258.66555395439514
2025-09-16T15:48:17.038071,49.975036,14.599686,,35.15102373353981,0.02275908878601928,,0.0,65.98976356544986
2025-09-16T15:48:17.038071,49.975353,14.598116,,,,,0.0,117.6764576423273
2025-09-16T15:48:17.438071,49.975586,14.596617,,77.63189056563357,21.682387915113015,,0.4,110.28177883555169
2025-09-16T15:48:17.938071,49.97573,14.595347,,66.47902607789305,23.341193957556506,,0.5,92.219571552457
2025-09-16T15:48:21.438071,49.975897,14.594324,,48.139504222193175,15.757166260335914,119.22527771012159,3.5,75.47544916103264
2025-09-16T15:48:22.438071,49.975979,14.594151,,48.139504222193175,15.757166260335914,16.818061577045505,1.0,15.36837821948682
2025-09-16T15:48:28.738071,49.975896,14.593902,,48.139504222193175,15.757166260335914,100.47093034902392,6.3,20.055805893888454
2025-09-16T15:48:28.738071,49.97588,14.592932,,33.393311050472974,12.794555432947366,,0.0,69.38805683032497
2025-09-16T15:48:29.138071,49.97582,14.591965,,11.460460510793403,0.5891108658947304,,0.4,69.47186610390216
2025-09-16T15:48:29.538071,49.975337,14.589499,,,,,0.4,184.34324706631128
2025-09-16T15:48:29.838071,49.975301,14.588745,,,,,0.3,54.0679897610636
2025-09-16T15:48:30.438071,49.975393,14.587747,,194.0194761689037,,,0.6,72.09779390105707
2025-09-16T15:48:30.438071,49.975709,14.58644,,194.0194761689037,,,0.0,99.85163580482703
2025-09-16T15:48:31.538071,49.975886,14.585658,,194.0194761689037,,1856.2435658107672,1.1,59.28372882938724
2025-09-16T15:48:35.838071,49.976728,14.578648,,194.0194761689037,,150371.32411607128,4.3,509.9531087282387
2025-09-16T15:48:37.038071,49.977766,14.569819,,111.63933251278395,17.86494451141051,451.585994122872,1.2,641.8125163954093
2025-09-16T15:48:37.038071,49.977958,14.569627,,45.51539095500736,24.68842806910421,,0.0,25.382990040864225
2025-09-16T15:48:39.438071,49.977933,14.569357,,55.87423503132299,17.15172641106567,20.891476492053442,2.4,19.506125904442797
2025-09-16T15:48:40.438071,49.977799,14.569238,,55.87423503132299,17.15172641106567,48.95326177052119,1.0,17.158775848152924
2025-09-16T15:48:43.738071,49.977751,14.568259,,55.87423503132299,17.15172641106567,1271.484214817754,3.3,70.20926291862472
2025-09-16T15:48:45.038071,49.977281,14.564742,,69.18175811865238,16.79511736089325,7794.999316549176,1.3,256.86684611700105
2025-09-16T15:48:45.638071,49.976394,14.559277,,76.59192318395424,2.0783230949885922,,0.6,403.05154569900117
2025-09-16T15:48:45.938071,49.975519,14.553434,,,,,0.3,429.0140185288662
2025-09-16T15:48:45.938071,49.975298,14.552631,,,,,0.0,62.46078610103966
2025-09-16T15:48:46.338071,49.974879,14.551596,,,,,0.4,87.45776671460561
2025-09-16T15:48:46.638071,49.973597,14.54904,,,,,0.3,231.80212786509836
2025-09-16T15:48:47.638071,49.97226,14.546295,,126.45082360214917,8.363408378508032,1769.5192230982213,1.0,246.25010198676136
2025-09-16T15:48:48.338071,49.971896,14.545386,,126.45082360214917,8.363408378508032,,0.7,76.57867884245023
2025-09-16T15:48:50.938071,49.971564,14.544218,,126.45082360214917,8.363408378508032,855.4777526529804,2.6,91.32559482377441
2025-09-16T15:48:51.938071,49.971327,14.543078,,126.45082360214917,8.363408378508032,4237.665433317155,1.0,85.68291091704673
2025-09-16T15:48:53.238071,49.970804,14.540223,,133.20463800361705,6.837565715035394,42046.97497910195,1.3,212.3034193720608
2025-09-16T15:48:54.238071,49.97033,14.537587,,126.19592014380572,4.530339769985455,2129903.7970995703,1.0,195.75179843298068
2025-09-16T15:48:55.938071,49.97017,14.536697,,120.18621809300407,5.883305383507761,1657.1612397498857,1.7,66.09149141351232
2025-09-16T15:48:58.138071,49.970028,14.535762,,103.75323546467291,5.132900015557557,1517.4291288033987,2.2,68.70929259487733
2025-09-16T15:49:01.838071,49.969741,14.534273,,118.11560468426168,5.132900015557557,609.2725944129371,3.7,111.17144771338411
2025-09-16T15:49:07.338071,49.969415,14.533226,,112.65489275405587,5.073292336889156,463.34025476205653,5.5,83.19405046895471
2025-09-16T15:49:08.738071,49.969061,14.532446,,112.72872771123231,5.735460261129659,504.0440787914732,1.4,68.27530949657317
2025-09-16T15:49:08.938071,49.968461,14.531497,,115.0096845711481,2.8816839117069457,,0.2,95.17339049361321
2025-09-16T15:49:09.138071,49.966934,14.529641,,175.56508156261674,,,0.2,215.52674041056358
2025-09-16T15:49:09.338071,49.965673,14.528038,,,,,0.2,181.12523681861742
2025-09-16T15:49:09.538071,49.964828,14.526552,,,,,0.2,141.86474495722823
2025-09-16T15:49:09.738071,49.964288,14.525092,,,,,0.2,120.46185487472752
2025-09-16T15:49:09.938071,49.96393,14.52357,,,,,0.2,115.91550221661727
2025-09-16T15:49:10.138071,49.963686,14.521142,,57.192723633900464,32.0,,0.2,175.77774977525445
2025-09-16T15:49:10.338071,49.963838,14.521041,,57.192723633900464,32.0,,0.2,18.3808819331709
2025-09-16T15:49:11.438071,49.963936,14.52085,,57.192723633900464,32.0,37.68408045995181,1.1,17.47555444369181
2025-09-16T15:49:11.438071,49.963968,14.520643,,67.10375773369147,20.804196462203162,,0.0,15.22791144927232
2025-09-16T15:49:11.538071,49.963927,14.520381,,62.71611592269566,18.702882086386698,,0.1,19.28698005861055
2025-09-16T15:49:12.638071,49.963772,14.520157,,59.46791472589084,8.411296654085781,275.58023237488607,1.1,23.532297504675203
2025-09-16T15:49:14.138071,49.963613,14.519963,,59.46791472589084,8.411296654085781,88.49022619927145,1.5,22.47534679196002
2025-09-16T15:49:21.838071,49.963461,14.518564,,59.46791472589084,8.411296654085781,901.5383615015231,7.7,101.48625675967835
2025-09-16T15:49:21.838071,49.963479,14.51554,,50.69447617209502,7.812748518925509,,0.0,216.31300089863902
2025-09-16T15:49:23.938071,49.963607,14.513069,,47.448120043485986,1.1252437030972533,24909.38033073046,2.1,177.32006883789168
2025-09-16T15:49:26.838071,49.963795,14.509781,,,,1549.17761691219,2.9,236.11350422769547
2025-09-16T15:49:27.538071,49.963791,14.508929,,,,,0.7,60.94393480310668
2025-09-16T15:49:29.638071,49.96363,14.506504,,,,4845.899585410556,2.1,174.37839382920725
2025-09-16T15:49:34.438071,49.962857,14.499608,,,,86757.44068179015,4.8,500.69929412816
2025-09-16T15:49:37.138071,49.96263,14.497537,,,,1212362.1876281584,2.7,150.2738573319626
2025-09-16T15:49:38.638071,49.962355,14.495026,,,,98623.64947270251,1.5,182.19737112102032
2025-09-16T15:49:39.738071,49.961712,14.489261,,38.95408602065437,0.14207426299953915,33436.3644698136,1.1,418.52940727911675
2025-09-16T15:49:42.338071,49.961107,14.484192,,38.95408602065437,0.14207426299953915,3877.225231871874,2.6,368.78391458439387
2025-09-16T15:49:52.738071,49.960861,14.482666,,30.699973381675246,10.822012925989231,4813.249334336088,10.4,112.5340262818904
2025-09-16T15:49:52.838071,49.960502,14.48067,,24.36405218593055,9.246775503702652,,0.1,148.255541881868
2025-09-16T15:49:54.938071,49.960544,14.480499,,24.36405218593055,9.246775503702652,10.059064889861252,2.1,13.093418766572736
2025-09-16T15:49:58.638071,49.960454,14.480406,,17.06903526856864,13.799126124054208,10.067745040203791,3.7,12.0169933998423
2025-09-16T15:49:58.638071,49.960379,14.48048,,17.06903526856864,13.799126124054208,,0.0,9.877763609737752
2025-09-16T15:49:58.938071,49.960381,14.480617,,11.692209794441158,6.0963006591294935,,0.3,9.80262701497691
2025-09-16T15:49:59.338071,49.959972,14.480936,,,,,0.4,50.8825672191106
2025-09-16T15:49:59.338071,49.959609,14.481106,,88.9267246815586,1.5406055598396402,,0.0,42.155895827262846
2025-09-16T15:49:59.538071,49.958139,14.480817,,88.9267246815586,1.5406055598396402,,0.2,164.75876188034965
2025-09-16T15:50:02.338071,49.957533,14.480599,,70.01729396408784,0.8481064359691844,2312.6881431798392,2.8,69.1652303078789
2025-09-16T15:50:03.738071,49.956057,14.479941,,70.01729396408784,0.8481064359691844,114.3260953408973,1.4,170.7408096610042
2025-09-16T15:50:09.238071,49.955987,14.478855,,65.91977397023719,1.6449204728592102,7564.722528502622,5.5,78.0814577378872
2025-09-16T15:50:11.138071,49.955894,14.477194,,54.41629861457649,1.6970779293689953,88.19239220630867,1.9,119.27739962061206
2025-09-16T15:50:13.038071,49.955663,14.476965,,72.44326826272383,2.9375512600129716,463.1900695332893,1.9,30.465831824116172
2025-09-16T15:50:14.938071,49.953576,14.476061,,83.1109707707772,4.328523233970094,2211.5753291454976,1.9,240.90735605053638
2025-09-16T15:50:20.738071,49.952108,14.475187,,83.1109707707772,4.328523233970094,976.1339230453693,5.8,174.80105662286311
2025-09-16T15:50:20.838071,49.950019,14.472965,,108.49720755901849,5.418497921300925,,0.1,281.4800532255851
2025-09-16T15:50:20.838071,49.947487,14.470171,,67.23461792585705,15.209248960650463,,0.0,345.30156432575296
2025-09-16T15:50:20.938071,49.947529,14.470023,,25.9720282926956,25.0,,0.1,11.573875517876134
2025-09-16T15:50:22.638071,49.947449,14.469905,,25.9720282926956,25.0,10.416958176043337,1.7,12.264568915995143
2025-09-16T15:50:22.838071,49.947369,14.469949,,25.9720282926956,25.0,,0.2,9.43628927004208
2025-09-16T15:50:23.038071,49.946578,14.468628,,25.9720282926956,25.0,,0.2,129.11453101126725
2025-09-16T15:50:23.238071,49.945927,14.467096,,190.91948576740802,,,0.2,131.36556414027297
2025-09-16T15:50:23.438071,49.945296,14.464762,,190.91948576740802,,,0.2,181.15060804554278
2025-09-16T15:50:24.438071,49.945004,14.464176,,152.48396775946725,1.4143418705701778,171.67320853805143,1.0,53.03319049094667
2025-09-16T15:50:25.138071,49.944549,14.463713,,149.89925988525098,8.85719679216531,,0.7,60.476202314138085
2025-09-16T15:50:27.038071,49.944008,14.463684,,122.96430995286437,6.604743368225598,4143.666299943044,1.9,60.192237368861186
2025-09-16T15:50:32.838071,49.941911,14.463687,,100.31258468134983,6.604743368225598,563.4209126248803,5.8,233.1758599982075
2025-09-16T15:50:37.938071,49.941392,14.463472,,100.31258468134983,6.604743368225598,381.29290032142325,5.1,59.72590188724814
2025-09-16T15:50:38.238071,49.940473,14.463404,,90.55290398070535,8.1657820230998,,0.3,102.30393858840439
2025-09-16T15:50:38.538071,49.939543,14.463446,,63.46443390264879,4.098647177769475,,0.3,103.45495312843254
2025-09-16T15:50:40.338071,49.93917,14.463568,,88.66424362085414,15.008989627722798,529.0957256931468,1.8,42.3847038247965
2025-09-16T15:50:41.138071,49.93872,14.463782,,88.66424362085414,15.008989627722798,,0.8,52.32898371093254
2025-09-16T15:50:42.838071,49.938333,14.463675,,79.46283512405643,13.141191866452244,151.916259033137,1.7,43.70845425183221
2025-09-16T15:50:42.838071,49.937933,14.463346,,76.80954886128814,16.663058882081977,,0.0,50.32571045980065
2025-09-16T15:50:45.838071,49.937527,14.463018,,76.80954886128814,16.663058882081977,177.03139733536403,3.0,50.88334844205083
2025-09-16T15:50:46.638071,49.936483,14.463016,,61.060018130461,9.405596343911133,,0.8,116.08759166107058
2025-09-16T15:50:46.938071,49.935889,14.462808,,61.060018130461,9.405596343911133,,0.3,67.70658131525106
2025-09-16T15:50:47.238071,49.935408,14.462344,,123.58377015857346,4.281566297219276,,0.3,62.95580452531286
2025-09-16T15:50:47.538071,49.934258,14.460856,,123.58377015857346,4.281566297219276,,0.3,166.41432576779448
2025-09-16T15:50:56.138071,49.932654,14.457569,,123.58377015857346,4.281566297219276,1604.5726352243114,8.6,295.2278953788143
2025-09-16T15:50:56.238071,49.932163,14.456775,,123.58377015857346,4.281566297219276,,0.1,78.80689249240056
2025-09-16T15:50:56.338071,49.930991,14.455615,,115.06210475534934,2.970305773451632,,0.1,154.5223989609023
2025-09-16T15:50:57.238071,49.930338,14.455171,,106.54043935212522,1.6590452496839878,,0.9,79.2606791276461
2025-09-16T15:51:09.438071,49.927094,14.454953,,106.54043935212522,1.6590452496839878,3082.463613815314,12.2,361.05371113775766
2025-09-16T15:51:10.738071,49.924088,14.454215,,130.01473784354795,1.6590452496839878,666.1558095957016,1.3,338.40119409638874
2025-09-16T15:51:10.738071,49.923623,14.45386,,130.01473784354795,1.6590452496839878,,0.0,57.613617810115315
2025-09-16T15:51:12.538071,49.923114,14.453136,,153.48903633497068,,571.9258069643041,1.8,76.74451816748534
2025-09-16T15:51:12.538071,49.922337,14.451496,,91.46578736263193,20.905450075268607,,0.0,145.7705740064607
2025-09-16T15:51:13.938071,49.922019,14.450337,,66.09778357815713,11.358971320384672,111.65375587480733,1.4,90.19358852008087
2025-09-16T15:51:16.338071,49.92188,14.450168,,19.062651285431397,8.144642128632052,17.85028347499678,2.4,19.628358926862123
2025-09-16T15:51:18.538071,49.921797,14.450192,,17.428375600210423,6.230964107574261,58.65571663898852,2.2,9.387752005626837
2025-09-16T15:51:27.138071,49.921566,14.450397,,17.428375600210423,6.230964107574261,40.262633197297895,8.6,29.583138702339927
2025-09-16T15:51:34.238071,49.921347,14.450339,,13.423654670182833,1.339468785009479,144.31034817061723,7.1,24.703165185079776
2025-09-16T15:51:34.338071,49.920444,14.449032,,14.884739307111522,1.9450200955535377,,0.1,137.24983688002177
2025-09-16T15:51:34.438071,49.920372,14.448458,,20.633264623825866,3.302673000773934,,0.1,41.86697818358595
2025-09-16T15:51:40.838071,49.920395,14.447969,,53.28906422144285,14.719229610039056,48.34798421167872,6.4,35.10227541332197
2025-09-16T15:51:46.238071,49.920115,14.447526,,60.4689379619109,13.690898480456319,68.10960491706909,5.4,44.44382311040475
2025-09-16T15:51:48.538071,49.920179,14.446545,,60.4689379619109,13.690898480456319,138.47656877156982,2.3,70.592716354449
2025-09-16T15:51:50.538071,49.920384,14.445994,,88.26912672047644,12.848686945824175,282.50025542649064,2.0,45.56031065739726
2025-09-16T15:51:50.638071,49.9209,14.44514,,107.81576382498974,15.201935107502903,,0.1,83.84619828258285
2025-09-16T15:51:55.138071,49.921473,14.443034,,106.47717206878539,5.4331027251562265,29686.15262172765,4.5,163.68223119281961
2025-09-16T15:51:55.938071,49.92222,14.440336,,130.9457849542557,0.2603003586043465,,0.8,210.25491506675783
2025-09-16T15:51:56.038071,49.922375,14.440054,,130.9457849542557,0.2603003586043465,,0.1,26.544778292128417
2025-09-16T15:51:58.338071,49.923904,14.438287,,,,10217.845788610548,2.3,211.91376703319187
2025-09-16T15:51:58.438071,49.925774,14.436019,,,,,0.1,263.8121812018856
2025-09-16T15:51:59.438071,49.926696,14.433959,,,,544.0412287760737,1.0,179.60025077526245
2025-09-16T15:51:59.438071,49.927157,14.43116,,,,,0.0,206.81505957377337
2025-09-16T15:52:00.338071,49.92745,14.429772,,,,,0.9,104.56216324735358
2025-09-16T15:52:01.638071,49.929682,14.424784,,76.88428909309462,2.2375973427995994,613.9472878491382,1.3,434.83124199458683
2025-09-16T15:52:03.538071,49.930822,14.423852,,76.88428909309462,2.2375973427995994,170.359204603988,1.9,143.24462057824726
2025-09-16T15:52:05.638071,49.931224,14.423903,,76.88428909309462,2.2375973427995994,1189.928926695672,2.1,44.849168637638535
2025-09-16T15:52:08.038071,49.932499,14.423909,,52.56133270361634,3.941774537909643,340.6852180632073,2.4,141.77418191686968
2025-09-16T15:52:08.638071,49.933081,14.423623,,39.48755537564216,2.8566350268811047,,0.6,67.87579582572587
2025-09-16T15:52:18.338071,49.933665,14.423069,,20.789188516915925,3.1661538689218576,63.44275201049075,9.7,76.08673617976085
2025-09-16T15:52:31.538071,49.934053,14.423391,,17.628204936348656,2.3387488853395983,116.83961503273511,13.2,48.913335972210604
2025-09-16T15:52:31.538071,49.934405,14.424316,,18.462356095112902,1.8162235276005743,,0.0,76.90920724478255
2025-09-16T15:52:39.838071,49.934605,14.424506,,30.890314882568916,1.8378285204707885,84.22614180863526,8.3,26.067159315077
2025-09-16T15:52:49.138071,49.935091,14.424556,,42.6949316380542,3.2037947776107667,796.606276040369,9.3,54.15909139279792
2025-09-16T15:52:52.538071,49.935746,14.424706,,42.6949316380542,3.2037947776107667,476.09806993271127,3.4,73.61964416040864
2025-09-16T15:52:56.438071,49.936336,14.424706,,53.157829592334224,4.043746730755996,267.69184690141617,3.9,65.6050067201045
2025-09-16T15:52:56.438071,49.936869,14.424906,,85.64970007502207,4.7260595076861,,0.0,60.97088988202992
2025-09-16T15:52:58.238071,49.93826,14.42613,,89.49944438055206,4.222903409278878,569.2430094173693,1.8,177.75542195308273
2025-09-16T15:53:01.738071,49.939001,14.427254,,118.4404210194692,2.295585785173815,2752.4694750428616,3.5,115.15040932448395
2025-09-16T15:53:03.038071,49.939675,14.428199,,118.4404210194692,2.295585785173815,21223.11730163916,1.3,100.94783011897697
2025-09-16T15:53:06.038071,49.941246,14.430367,,66.39238214548985,2.282917048750371,640.9576294580912,3.0,233.6382777810024
2025-09-16T15:53:06.038071,49.941667,14.431331,,34.61269469621504,16.314581699732233,,0.0,83.36942954891171
2025-09-16T15:53:12.938071,49.941897,14.431472,,34.61269469621504,16.314581699732233,40.823406016391075,6.9,27.49332460372846
2025-09-16T15:53:15.238071,49.942186,14.431276,,34.61269469621504,16.314581699732233,40.44557728173687,2.3,35.062890577254166
2025-09-16T15:53:16.138071,49.942414,14.431418,,34.61269469621504,16.314581699732233,,0.9,27.313077704176305
2025-09-16T15:53:17.038071,49.942695,14.431753,,67.01830115738083,19.44705891957703,,0.9,39.38255173771001
2025-09-16T15:53:17.438071,49.942855,14.432176,,116.76233527925308,8.53520275201652,,0.4,35.11105069871393
2025-09-16T15:53:19.238071,49.943181,14.432398,,138.47849314649943,8.53520275201652,328.3736761560685,1.8,39.577778096921044
2025-09-16T15:53:21.438071,49.944011,14.432671,,138.47849314649943,8.53520275201652,17680.470842993534,2.2,94.33668100062806
2025-09-16T15:53:26.038071,49.946052,14.433373,,145.3265093304559,8.53520275201652,24430.509062992107,4.6,232.4415891257121
2025-09-16T15:53:26.038071,49.947513,14.433895,,168.97698559130686,,,0.0,166.69429124773936
2025-09-16T15:53:30.238071,49.949163,14.434755,,173.8462760001878,,959.3670591204782,4.2,193.51565086271293
2025-09-16T15:53:36.238071,49.951347,14.43696,,169.81400955978563,,759.857845587001,6.0,289.59576872874317
2025-09-16T15:53:36.238071,49.951931,14.437955,,169.81400955978563,,,0.0,96.35754488197145
2025-09-16T15:53:36.238071,49.953628,14.441407,,173.7574612372459,,,0.0,310.80944894437386
2025-09-16T15:53:38.838071,49.954985,14.444499,,,,1148.1988118528664,2.6,267.7723474279385
2025-09-16T15:53:39.938071,49.956106,14.446219,,134.42196909949516,2.7577914541666253,6620.042286387786,1.1,175.15376729263247
2025-09-16T15:53:41.538071,49.957769,14.448611,,125.68141447259902,10.036596037844143,980.3329981832849,1.6,251.94567645101654
2025-09-16T15:53:42.738071,49.95802,14.449101,,125.68141447259902,10.036596037844143,2950.4763904843094,1.2,44.80732303316505
2025-09-16T15:53:49.938071,49.959251,14.451752,,125.68141447259902,10.036596037844143,345.01491844751496,7.2,233.88171969140575
2025-09-16T15:53:50.638071,49.959623,14.452091,,125.68141447259902,10.036596037844143,,0.7,47.94896488201382
2025-09-16T15:53:50.938071,49.961171,14.452497,,116.94085984570287,17.31540062152166,,0.3,174.56266551265995
2025-09-16T15:53:52.038071,49.962203,14.452758,,,,4111.3174053924295,1.1,116.26198354042182
2025-09-16T15:53:52.638071,49.962904,14.452962,,,,,0.6,79.30174870581052
2025-09-16T15:53:52.638071,49.962931,14.453143,,59.97325846520107,25.07310710336374,,0.0,13.290440551704389
2025-09-16T15:53:53.438071,49.962817,14.454519,,59.97325846520107,25.07310710336374,,0.8,99.23807418125844
2025-09-16T15:53:54.538071,49.96285,14.45477,,74.9478870760046,28.53655355168187,60.46770934498571,1.1,18.32516230881144
2025-09-16T15:53:55.038071,49.963213,14.455291,,74.9478870760046,28.53655355168187,,0.5,54.93686388957411
2025-09-16T15:53:56.738071,49.96327,14.455878,,74.9478870760046,28.53655355168187,94.51861910462213,1.7,42.46341018543718
2025-09-16T15:53:56.938071,49.963192,14.456338,,89.92251568680815,32.0,,0.2,34.02742210490338
2025-09-16T15:53:57.238071,49.963156,14.456675,,89.92251568680815,32.0,,0.3,24.43554217448692
2025-09-16T15:53:58.138071,49.96328,14.458034,,28.019148441016863,3.797571896973019,,0.9,98.18143649526175
2025-09-16T15:53:58.138071,49.963256,14.458226,,18.530806604412483,3.797571896973019,,0.0,13.990510882126483
2025-09-16T15:54:00.138071,49.96338,14.458327,,28.713463206058503,4.4074557048477985,93.02846822744412,2.0,15.566193578342702
2025-09-16T15:54:05.138071,49.963471,14.458431,,54.42752449370856,3.0520127217186044,738.9579634923072,5.0,12.558978844177924
2025-09-16T15:54:08.938071,49.963834,14.458885,,67.5235550749554,2.948470566271936,215.79952764172953,3.8,51.8053750987589
2025-09-16T15:54:11.538071,49.964641,14.459322,,77.39965673344004,2.6654367893715754,22868.597584141473,2.6,95.02256714647575
2025-09-16T15:54:15.138071,49.965661,14.459866,,100.18538738865068,2.6654367893715754,2454.6325323575875,3.6,119.90767739994274
2025-09-16T15:54:17.938071,49.967073,14.460767,,119.96906110401399,1.1917003487529758,26616.001892341646,2.8,169.71821053659062
2025-09-16T15:54:20.538071,49.968463,14.46167,,120.0025317054838,1.8449527153243113,35070.72640571299,2.6,167.51208994265298
2025-09-16T15:54:25.538071,49.969715,14.462473,,125.44596770781932,5.889215847094209,8887.694718446473,5.0,150.59694104922283
2025-09-16T15:54:28.138071,49.970501,14.462997,,125.44596770781932,5.889215847094209,3393.8672067919524,2.6,95.09508678299373
2025-09-16T15:54:30.738071,49.971304,14.463575,,100.78634425622313,4.454658363696571,553.6980342491185,2.6,98.39410057168561
2025-09-16T15:54:32.738071,49.972636,14.464011,,98.23852648981735,5.740834421306501,1536.4290846124395,2.0,151.35825807965367
2025-09-16T15:54:37.538071,49.972954,14.464084,,85.55755002544379,5.302648461545044,2144.978636120361,4.8,35.74329853524609
2025-09-16T15:54:39.038071,49.974321,14.464495,,66.45316054760559,1.0556698275322312,5919.926455378625,1.5,154.81910609640957
2025-09-16T15:54:42.138071,49.97503,14.464731,,90.34269719086751,1.0556698275322312,4004.877487131513,3.1,80.62341427239924
2025-09-16T15:54:51.538071,49.976855,14.465233,,111.52110495401185,1.5080117845465177,1382.492333274578,9.4,206.0814665417462
2025-09-16T15:54:54.038071,49.977865,14.465327,,131.67903259613132,1.5080117845465177,3811.5201999053197,2.5,112.50785216712033
2025-09-16T15:54:55.038071,49.979388,14.465381,,123.81042201615152,1.0477270150771767,6617.979470635212,1.0,169.3938889328654
2025-09-16T15:54:57.238071,49.980443,14.465454,,138.77229036372378,0.06575643695117031,792.3101445013695,2.2,117.42672059707706
2025-09-16T15:55:02.438071,49.981238,14.465673,,127.15278198525903,0.06575643695117031,26474.68714497644,5.2,89.77619220270756
2025-09-16T15:55:03.938071,49.98452,14.466623,,127.15278198525903,0.06575643695117031,705.9117907239593,1.5,371.209251055852
2025-09-16T15:55:05.438071,49.985535,14.467577,,62.15274844802831,0.06575643695117031,228.87750695882585,1.5,131.87255305111387
2025-09-16T15:55:05.738071,49.98604,14.469213,,,,,0.3,129.74797221599056
2025-09-16T15:55:05.938071,49.986345,14.469965,,42.678058697266096,6.583652965542014,,0.2,63.5673148450562
2025-09-16T15:55:07.138071,49.986962,14.470718,,42.678058697266096,6.583652965542014,119.91484535884733,1.2,87.2078450513966
2025-09-16T15:55:09.538071,49.987214,14.470787,,33.45290579523154,3.5851806006465035,124.12912524345991,2.4,28.45203913151073
2025-09-16T15:55:10.238071,49.987715,14.470653,,33.45290579523154,3.5851806006465035,,0.7,56.526392993848496
2025-09-16T15:55:14.238071,49.987941,14.470518,,32.910800311946666,3.1206522498970704,450.8556639241966,4.0,26.91972543688553
2025-09-16T15:55:15.238071,49.988599,14.469974,,28.027171119286947,1.3891518920745989,689.9989294885862,1.0,82.86053849084416
2025-09-16T15:55:19.838071,49.988936,14.469753,,25.677479206605387,2.0282922266455174,208.18840426774892,4.6,40.66730860798162
2025-09-16T15:55:20.538071,49.99003,14.469745,,25.639927895465632,2.302930504600656,,0.7,121.64859418464383
2025-09-16T15:55:23.438071,49.99018,14.469707,,42.36526833405076,8.89906765133347,59.912869087491984,2.9,16.899021279334047
2025-09-16T15:55:27.238071,49.990379,14.469531,,63.049009644118826,10.528580548513535,185.74963856134562,3.8,25.454826679765368
2025-09-16T15:55:30.138071,49.990852,14.468792,,62.22789932871947,8.563118062920173,123.09799815090534,2.9,74.54714999567717
2025-09-16T15:55:31.538071,49.991235,14.468609,,96.01153378596402,9.877254354703378,673.8489093148605,1.4,44.55171567219689
2025-09-16T15:55:38.938071,49.992308,14.468314,,113.9856424925106,12.699464783065702,2232.616152587455,7.4,121.16155269352868
2025-09-16T15:55:40.138071,49.992864,14.468124,,123.01858474144584,5.422441867981018,471.320859621164,1.2,63.298755889155025
2025-09-16T15:55:41.638071,49.993606,14.467666,,104.03501656194183,2.5246558910871983,231.9461036266639,1.5,88.76516415164855
2025-09-16T15:55:43.138071,49.994087,14.467614,,119.06553606021508,3.436349776357434,1083.0463882647061,1.5,53.613774435644615
2025-09-16T15:55:52.838071,49.995023,14.467619,,83.65017025659006,3.436349776357434,41279.74272870092,9.7,104.07906503223353
2025-09-16T15:55:54.138071,49.996159,14.46763,,83.65017025659006,3.436349776357434,94735.15904667748,1.3,126.31988388443962
2025-09-16T15:55:54.638071,49.996913,14.467636,,51.61155997396253,2.4174378780541814,,0.5,83.84207162540127
2025-09-16T15:55:55.338071,49.997484,14.467636,,80.31297163248936,3.7295047189451083,,0.7,63.49230311399212
2025-09-16T15:55:57.538071,49.997839,14.467632,,80.31297163248936,3.7295047189451083,389.3251340458395,2.2,39.475234382400664
2025-09-16T15:56:01.738071,49.998826,14.467317,,80.31297163248936,3.7295047189451083,1572.8320428364018,4.2,112.03512271546786
2025-09-16T15:56:01.738071,49.999546,14.467158,,58.9230596446349,2.593458248714658,,0.0,80.86293950421901
2025-09-16T15:56:01.838071,49.999593,14.467338,,56.08667042680636,1.4808940982363092,,0.1,13.886523228348663
2025-09-16T15:56:07.738071,49.999562,14.467705,,16.14323566892597,0.32136530825375714,365.4485563985839,5.9,26.456969568517568
2025-09-16T15:56:08.038071,49.998865,14.470093,,16.14323566892597,0.32136530825375714,,0.3,187.45630758406338
2025-09-16T15:56:08.038071,49.998575,14.47249,,16.14323566892597,0.32136530825375714,,0.0,174.33767565382948
2025-09-16T15:56:08.038071,49.99833,14.47644,,,,,0.0,283.64553314816243
2025-09-16T15:56:08.338071,49.998318,14.479138,,,,,0.3,192.8501362093056
2025-09-16T15:56:08.538071,49.998389,14.481237,,,,,0.2,150.23815320535468
2025-09-16T15:56:08.738071,49.998513,14.482893,,,,,0.2,119.16632144113657
2025-09-16T15:56:08.938071,49.998642,14.484122,,4.854524283706271,,,0.2,89.00844923262207
2025-09-16T15:56:09.038071,49.998646,14.484692,,4.978436827464769,,,0.1,40.74416787053665
2025-09-16T15:56:17.338071,49.998608,14.484837,,4.978436827464769,,23.46449782961135,8.3,11.192375431878348
2025-09-16T15:56:30.438071,49.998651,14.485088,,21.246344177334027,5.947728415907648,13.63746301581495,13.1,18.566882434173557
2025-09-16T15:56:30.438071,49.998702,14.485116,,23.21441122027354,3.2383176520851187,,0.0,6.013731429758641
2025-09-16T15:56:31.438071,49.998822,14.485022,,29.33437353246263,3.2383176520851187,218.3785804054941,1.0,14.939488576964596
2025-09-16T15:56:39.138071,49.99927,14.484499,,41.45038561308231,3.2383176520851187,722.434393555936,7.7,62.28147641333582
2025-09-16T15:56:39.738071,50.001345,14.48304,,48.95262514468782,3.650026830192284,,0.6,253.20072347851536
2025-09-16T15:56:41.738071,50.003749,14.48133,,44.025999186574346,1.74929829505494,14730.396922003296,2.0,293.9261933082376
2025-09-16T15:56:44.538071,50.004158,14.481048,,51.47969260531547,2.359493998451115,411.2447393483518,2.8,49.74441438392131
2025-09-16T15:56:50.838071,50.004749,14.48079,,51.47969260531547,2.359493998451115,2791.8929125411255,6.3,68.25399175478118
2025-09-16T15:56:53.038071,50.006041,14.480309,,51.47969260531547,2.359493998451115,2108.0058365781765,2.2,147.71924126980446
2025-09-16T15:56:53.438071,50.007656,14.479491,,39.002281002732104,0.24554281049561497,,0.4,188.8550869199808
2025-09-16T15:56:53.438071,50.00869,14.478781,,,,,0.0,125.67325004534199
2025-09-16T15:56:53.438071,50.010349,14.477603,,2.7212362088620035,,,0.0,202.77185452728386
2025-09-16T15:56:53.738071,50.011708,14.476435,,2.7212362088620035,,,0.3,172.63122128735947
2025-09-16T15:57:15.738071,50.011853,14.476492,,2.7212362088620035,,,22.0,16.629776831934464
2025-09-16T15:57:15.738071,50.011948,14.476341,,2.7212362088620035,,,0.0,15.100074617658375
2025-09-16T15:57:15.738071,50.011935,14.47617,,52.736443094141194,5.501404866233826,,0.0,12.304348082377631
2025-09-16T15:57:16.138071,50.01545,14.470428,,102.75164997942038,5.501404866233826,,0.4,566.6590837827858
2025-09-16T15:57:21.438071,50.016397,14.468908,,67.33315509005894,2.825087466248217,862.2140667984503,5.3,151.27326246970222
2025-09-16T15:57:21.438071,50.016727,14.468488,,51.02131757199718,2.178761355522189,,0.0,47.40270077938027
2025-09-16T15:57:31.838071,50.017485,14.467965,,66.38707247022366,2.736263589003266,3085.4075695254223,10.4,92.19790724645948
2025-09-16T15:57:39.338071,50.017803,14.467758,,54.26554663382476,1.8145498299264122,172.1278466454059,7.5,38.32842194973681
2025-09-16T15:57:40.838071,50.01814,14.467364,,46.132938768164635,1.3696455276264388,1290.7939794454715,1.5,46.868473818709624
2025-09-16T15:57:41.538071,50.019864,14.464785,,50.872364957320336,1.776604014747716,,0.7,265.8962579812323
2025-09-16T15:57:59.438071,50.020558,14.463726,,60.820851895202246,1.9335288370422044,6094.545063959353,17.9,108.07182265672162
2025-09-16T15:57:59.738071,50.021444,14.462427,,34.989109260351825,0.6959081108400585,,0.3,135.34667240744005
2025-09-16T15:58:06.038071,50.022049,14.461713,,34.989109260351825,0.6959081108400585,772.8501635268703,6.3,84.42543086165897
2025-09-16T15:58:06.338071,50.024315,14.460159,,48.243103349519416,1.3568836009535987,,0.3,275.34115824897464
2025-09-16T15:58:06.338071,50.024734,14.459858,,101.5419709192629,1.3568836009535987,,0.0,51.31341214425854
2025-09-16T15:58:07.538071,50.026804,14.458301,,111.56972154800226,5.674621690557079,2453.552829583248,1.2,255.63874751786165
2025-09-16T15:58:09.838071,50.027575,14.45761,,122.46958397408025,8.467506644831463,1045.8007185746358,2.3,98.92609125686518
2025-09-16T15:58:13.038071,50.028026,14.457131,,99.33174770194015,6.0613591392152655,369.2428560585047,3.2,60.70987076177612
2025-09-16T15:58:15.238071,50.028578,14.456245,,103.81123706961822,10.643788781028494,822.2438452696916,2.2,88.16457761603327
2025-09-16T15:58:20.838071,50.028893,14.455816,,91.05383671477118,10.643788781028494,322.89932051733524,5.6,46.53948271080866
2025-09-16T15:58:22.638071,50.029359,14.455369,,98.63891408402885,12.300177811185632,257.04133746638826,1.8,60.864597270165234
2025-09-16T15:58:22.938071,50.029758,14.455148,,110.38293063690374,12.820070917225525,,0.3,47.09155856889958
2025-09-16T15:58:24.138071,50.030541,14.455066,,150.61527651259567,24.39107770646818,1841.3663436472289,1.2,87.26242542250303
2025-09-16T15:58:25.938071,50.031348,14.455042,,179.5013584848609,,1358.3551599797659,1.8,89.75067924243045
2025-09-16T15:58:26.238071,50.032409,14.455137,,179.5013584848609,,,0.3,118.17279570699267
2025-09-16T15:58:28.038071,50.033738,14.455505,,179.5013584848609,,1613.8646074213068,1.8,150.09741638049707
2025-09-16T15:58:28.038071,50.034275,14.455711,,48.63979313731916,1.1471492349588601,,0.0,61.497704154109165
2025-09-16T15:58:28.338071,50.034942,14.455861,,97.19121690997144,14.425334383513377,,0.3,74.936807432691
2025-09-16T15:58:35.038071,50.035741,14.456104,,71.30403316285965,9.637332677395628,929.2960818096029,6.7,90.52405945001065
2025-09-16T15:58:37.338071,50.036543,14.456479,,91.50823277484345,9.637332677395628,318.1745437290021,2.3,93.11335376945405
2025-09-16T15:58:42.238071,50.036755,14.456651,,80.52756267872208,7.433146963199613,2802.6593451211006,4.9,26.582044937865774
2025-09-16T15:58:44.438071,50.037488,14.457277,,88.4995050640728,9.528479539279864,741.4797259934103,2.2,92.96273042881906
2025-09-16T15:58:48.538071,50.037799,14.457603,,69.41845985788915,0.44095954288585065,735.8187192423836,4.1,41.68889372399162
2025-09-16T15:58:49.238071,50.038204,14.458092,,94.36285695251568,0.8205898206115675,,0.7,56.98866019080972
2025-09-16T15:58:49.938071,50.039022,14.459217,,36.60488229423655,0.8205898206115675,,0.7,121.36099183300645
2025-09-16T15:58:50.738071,50.039496,14.459643,,,,,0.8,60.85675767668193
2025-09-16T15:58:51.638071,50.039944,14.45986,,,,,0.9,52.17020149884347
2025-09-16T15:58:52.238071,50.040995,14.460285,,,,,0.6,120.74280571806825
2025-09-16T15:58:52.838071,50.041442,14.460664,,28.51668075079317,1.8644535633574721,,0.6,56.595514050152204
2025-09-16T15:58:53.538071,50.042483,14.461954,,81.53309072490336,18.746591686535822,,0.7,147.93718995189127
2025-09-16T15:59:03.438071,50.043137,14.462365,,96.99066920709394,16.493363767459325,196.4905504287201,9.9,78.42087206468122
2025-09-16T15:59:04.838071,50.043607,14.462401,,107.5920214507286,13.812175910034782,198.68258387332855,1.4,52.32480582739416
2025-09-16T15:59:06.338071,50.044075,14.46224,,120.00808894848728,13.812175910034782,606.0665885428784,1.5,53.29409423811461
2025-09-16T15:59:11.238071,50.045634,14.46116,,142.88094099791078,17.794750025593885,1512.8903698362979,4.9,189.73355085833325
2025-09-16T15:59:12.438071,50.046114,14.460898,,145.65808776420985,8.87776013353374,1292.6587230837545,1.2,56.55745297984066
2025-09-16T15:59:13.338071,50.047515,14.460334,,130.96097091604122,17.91973781566861,,0.9,160.90542474702735
2025-09-16T15:59:13.738071,50.048419,14.459975,,126.74341728324553,30.07086329357607,,0.4,103.7371960115439
2025-09-16T15:59:14.738071,50.048609,14.459838,,83.81447562696908,30.07086329357607,95.43004041081771,1.0,23.28179878526919
2025-09-16T15:59:17.438071,50.048327,14.457393,,83.81447562696908,30.07086329357607,824.2093100356378,2.7,177.37318002201948
2025-09-16T15:59:18.438071,50.048102,14.456377,,83.81447562696908,30.07086329357607,64.20740822707954,1.0,76.73843713646045
2025-09-16T15:59:19.138071,50.047255,14.456735,,,,,0.7,97.58951403165773
2025-09-16T15:59:19.338071,50.047162,14.457514,,,,,0.2,56.57721432761801
2025-09-16T15:59:19.538071,50.047245,14.458168,,,,,0.2,47.60181632077363
2025-09-16T15:59:19.738071,50.047208,14.458358,,,,,0.2,14.176961129736327
2025-09-16T15:59:19.938071,50.047336,14.458359,,,,,0.2,14.233129722003294
2025-09-16T15:59:20.138071,50.047436,14.458279,,,,,0.2,12.50095774352939
